name,date
root,0
GMMBF178-16_Mordellinae_Mordellidae_Malaysia_Selangor_,143.8
GMMGK384-14_Mordellidae_Mordellidae_Malaysia_Selangor_BIOUG-GOMBAK,143.8
MH751316,143.8
GMMGG690-14_Mordellidae_Mordellidae_Malaysia_Selangor_BIOUG-GOMBAK,143.8
GMNGG151-16_Mordellidae_Mordellidae_Papua-New-Guinea_Madang_,143.8
GMBCD2764-15_Mordellidae_Mordellidae_Bangladesh_Chittagong_BIOUG-BANGLADESH,143.8
GMNGX166-16_Mordellidae_Mordellidae_Papua-New-Guinea_Madang_,143.8
GMAQE100-17_Mordellidae_Mordellidae_Australia_Queensland_,143.8
GMNGA159-16_Mordellidae_Mordellidae_Papua-New-Guinea_Madang_,143.8
GMNGS037-16_Mordellidae_Mordellidae_Papua-New-Guinea_Madang_,143.8
GMMGN1814-14_Mordellidae_Mordellidae_Malaysia_Selangor_BIOUG-GOMBAK,143.8
GMNGS039-16_Mordellidae_Mordellidae_Papua-New-Guinea_Madang_,143.8
GMNGG609-16_Mordellidae_Mordellidae_Papua-New-Guinea_Madang_,143.8
GMNGC118-16_Mordellidae_Mordellidae_Papua-New-Guinea_Madang_,143.8
GMAQB027-17_Mordellidae_Mordellidae_Australia_Queensland_,143.8
GMNGC161-16_Mordellidae_Mordellidae_Papua-New-Guinea_Madang_,143.8
GMNGI059-16_Mordellidae_Mordellidae_Papua-New-Guinea_Madang_,143.8
GMNGK094-16_Mordellidae_Mordellidae_Papua-New-Guinea_Madang_,143.8
GMNGI069-16_Mordellidae_Mordellidae_Papua-New-Guinea_Madang_,143.8
GMNGA095-16_Mordellidae_Mordellidae_Papua-New-Guinea_Madang_,143.8
GMNGW673-16_Mordellidae_Mordellidae_Papua-New-Guinea_Madang_,143.8
GMAQL599-17_Mordellidae_Mordellidae_Australia_Queensland_,143.8
GMNGW669-16_Mordellidae_Mordellidae_Papua-New-Guinea_Madang_,143.8
GMNGY553-16_Mordellidae_Mordellidae_Papua-New-Guinea_Madang_,143.8
GMMBN146-16_Mordellidae_Mordellidae_Malaysia_Selangor_,143.8
GMAQF071-17_Mordellidae_Mordellidae_Australia_Queensland_,143.8
GMAQD050-17_Mordellidae_Mordellidae_Australia_Queensland_,143.8
GMMGT093-14_Mordellidae_Mordellidae_Malaysia_Selangor_BIOUG-GOMBAK,143.8
GMMBY064-17_Mordellidae_Mordellidae_Malaysia_Selangor_,143.8
GMGAQ039-17_Mordellidae_Mordellidae_Gabon_Moyen-Ogooue_,143.8
GMGAF775-17_Mordellidae_Mordellidae_Gabon_Moyen-Ogooue_,143.8
GMMBE156-16_Mordellinae_Mordellidae_Malaysia_Selangor_,143.8
GMGAJ252-17_Mordellidae_Mordellidae_Gabon_Moyen-Ogooue_,143.8
GMMGK392-14_Mordellidae_Mordellidae_Malaysia_Selangor_BIOUG-GOMBAK,143.8
BP_BEATING_PA_Adult_BIP06_D01_1723446_Mordellidae,143.8
BP_BEATING_PD_Adult_BIP10_A04_1723797_Mordellidae,143.8
BP_BEATING_PB_Adult_BIP03_C05_1723150_Mordellidae,143.8
CNSLP237-13_Mordellistena_Mordellidae_Canada_Ontario_BIOUG-STLAW-NP,143.8
GMFRT030-15_Mordellinae_Mordellidae_United-States_Virginia_BIOUG-FRONTROYAL,143.8
CNPPD2447-12_Mordellistena_Mordellidae_Canada_Ontario_BIOUG-PELEE-NP,143.8
GMFRS164-15_Mordellistena_Mordellidae_United-States_Virginia_BIOUG-FRONTROYAL,143.8
GMMGM135-14_Mordellidae_Mordellidae_Malaysia_Selangor_BIOUG-GOMBAK,143.8
GMNGA158-16_Mordellidae_Mordellidae_Papua-New-Guinea_Madang_,143.8
GMMBE132-16_Mordellinae_Mordellidae_Malaysia_Selangor_,143.8
GMCHN383-14_Mordellidae_Mordellidae_China_Shaanxi_BIOUG-SHAANXI,143.8
GMMGT080-14_Mordellidae_Mordellidae_Malaysia_Selangor_BIOUG-GOMBAK,143.8
GMBCC3046-15_Mordellidae_Mordellidae_Bangladesh_Chittagong_BIOUG-BANGLADESH,143.8
BP_BEATING_PA_Adult_BIP05_B09_1723334_Mordellidae,143.8
BP_MALAISE_PC_Adult_BIP02_D10_1723071_Mordellidae,143.8
GMMGN2894-14_Mordellidae_Mordellidae_Malaysia_Selangor_BIOUG-GOMBAK,143.8
CNRGO488-15_Mordellistena-fuscipennis_Mordellidae_Canada_Ontario_BIOUG-ROUGE-NP,143.8
BP_BEATING_PB_Adult_BIP03_C03_1723148_Mordellidae,143.8
GMMBF169-16_Mordellinae_Mordellidae_Malaysia_Selangor_,143.8
Contig27,143.8
GMAQF005-17_Mordellidae_Mordellidae_Australia_Queensland_,143.8
GMFRT024-15_Mordellinae_Mordellidae_United-States_Virginia_BIOUG-FRONTROYAL,143.8
CNRGF159-15_Glipostenoda-ambusta_Mordellidae_Canada_Ontario_BIOUG-ROUGE-NP,143.8
BP_BEATING_PA_Adult_BIP05_B04_1723329_Mordellidae,143.8
BP_BEATING_PA_Adult_BIP05_B03_1723328_Mordellidae,143.8
BP_BEATING_PA_Adult_BIP05_B05_1723330_Mordellidae,143.8
GMGBA105-17_Mordellidae_Mordellidae_Gabon_Moyen-Ogooue_,143.8
GMGAB234-17_Mordellidae_Mordellidae_Gabon_Moyen-Ogooue_,143.8
GMFRG798-14_Mordellinae_Mordellidae_United-States_Virginia_BIOUG-FRONTROYAL,143.8
GMGAE100-17_Mordellidae_Mordellidae_Gabon_Moyen-Ogooue_,143.8
GMFRG747-14_Mordellinae_Mordellidae_United-States_Virginia_BIOUG-FRONTROYAL,143.8
GMGSP182-13_Mordellinae_Mordellidae_United-States_Tennessee_BIOUG-GSM-NP,143.8
GMGSF175-12_Mordellinae_Mordellidae_United-States_Tennessee_BIOUG-GSM-NP,143.8
GMGAB180-17_Mordellidae_Mordellidae_Gabon_Moyen-Ogooue_,143.8
GMMDN2462-15_Mordellidae_Mordellidae_Madagascar_Toamasina_BIOUG-MADAGASACAR,143.8
GMMDN2539-15_Mordellidae_Mordellidae_Madagascar_Toamasina_BIOUG-MADAGASACAR,143.8
GMGAS061-17_Mordellidae_Mordellidae_Gabon_Moyen-Ogooue_,143.8
GMAQO019-17_Mordellidae_Mordellidae_Australia_Queensland_,143.8
GMNGF090-16_Mordellidae_Mordellidae_Papua-New-Guinea_Madang_,143.8
GMNGH133-16_Mordellidae_Mordellidae_Papua-New-Guinea_Madang_,143.8
GMNGJ160-16_Mordellidae_Mordellidae_Papua-New-Guinea_Madang_,143.8
GMMDN2604-15_Mordellidae_Mordellidae_Madagascar_Toamasina_BIOUG-MADAGASACAR,143.8
GMMDM584-15_Mordellidae_Mordellidae_Madagascar_Toamasina_BIOUG-MADAGASACAR,143.8
GMAQB068-17_Mordellidae_Mordellidae_Australia_Queensland_,143.8
GMMGT913-14_Mordellidae_Mordellidae_Malaysia_Selangor_BIOUG-GOMBAK,143.8
GMTKU628-18_Mordellidae_Mordellidae_Thailand_Trang_,143.8
GMMBN148-16_Mordellidae_Mordellidae_Malaysia_Selangor_,143.8
GMMSQ040-18_Mordellidae_Mordellidae_Malaysia_Perak_,143.8
GMBCF5672-15_Mordellidae_Mordellidae_Bangladesh_Chittagong_BIOUG-BANGLADESH,143.8
GMBCA5996-15_Mordellidae_Mordellidae_Bangladesh_Chittagong_BIOUG-BANGLADESH,143.8
GMMDL1719-15_Mordellidae_Mordellidae_Madagascar_Toamasina_BIOUG-MADAGASACAR,143.8
GMMDN2493-15_Mordellidae_Mordellidae_Madagascar_Toamasina_BIOUG-MADAGASACAR,143.8
GMMDL1726-15_Mordellidae_Mordellidae_Madagascar_Toamasina_BIOUG-MADAGASACAR,143.8
GMGGQ2000-17_Mordellidae_Mordellidae_Gabon_Moyen-Ogooue_,143.8
GMGGH2092-17_Mordellidae_Mordellidae_Gabon_Moyen-Ogooue_,143.8
GMMDN2443-15_Mordellidae_Mordellidae_Madagascar_Toamasina_BIOUG-MADAGASACAR,143.8
GMGAZ050-17_Mordellidae_Mordellidae_Gabon_Moyen-Ogooue_,143.8
GMGGF576-17_Mordellidae_Mordellidae_Gabon_Moyen-Ogooue_,143.8
GMGAD172-17_Mordellidae_Mordellidae_Gabon_Moyen-Ogooue_,143.8
GMKMT1033-15_Mordellidae_Mordellidae_Kenya_Laikipia_BIOUG-KENYA2,143.8
GMKMT1053-15_Mordellidae_Mordellidae_Kenya_Laikipia_BIOUG-KENYA2,143.8
GMMDN2579-15_Mordellidae_Mordellidae_Madagascar_Toamasina_BIOUG-MADAGASACAR,143.8
PMNHI130-15_Mordellidae_Mordellidae_Pakistan_Islamabad_BIOUG-RAWAL,143.8
MAMTO284-13_Mordellidae_Mordellidae_Pakistan_Islamabad_BIOUG-RAWAL,143.8
GMGGA091-17_Mordellidae_Mordellidae_Gabon_Moyen-Ogooue_,143.8
GMKMT1008-15_Mordellidae_Mordellidae_Kenya_Laikipia_BIOUG-KENYA2,143.8
GMKMT1050-15_Mordellidae_Mordellidae_Kenya_Laikipia_BIOUG-KENYA2,143.8
GMMDM590-15_Mordellidae_Mordellidae_Madagascar_Toamasina_BIOUG-MADAGASACAR,143.8
GMNGI098-16_Mordellidae_Mordellidae_Papua-New-Guinea_Madang_,143.8
GMNGY537-16_Mordellidae_Mordellidae_Papua-New-Guinea_Madang_,143.8
GMNGH583-16_Mordellinae_Mordellidae_Papua-New-Guinea_Madang_,143.8
GMAQJ030-17_Mordellidae_Mordellidae_Australia_Queensland_,143.8
GMNGH559-16_Mordellidae_Mordellidae_Papua-New-Guinea_Madang_,143.8
GMNGL092-16_Mordellidae_Mordellidae_Papua-New-Guinea_Madang_,143.8
GMNGC127-16_Mordellidae_Mordellidae_Papua-New-Guinea_Madang_,143.8
GMNGP132-16_Mordellidae_Mordellidae_Papua-New-Guinea_Madang_,143.8
GMAQI044-17_Mordellidae_Mordellidae_Australia_Queensland_,143.8
GMNGP153-16_Mordellidae_Mordellidae_Papua-New-Guinea_Madang_,143.8
GMAQE119-17_Mordellidae_Mordellidae_Australia_Queensland_,143.8
GMNGJ156-16_Mordellidae_Mordellidae_Papua-New-Guinea_Madang_,143.8
GMMSQ016-18_Mordellidae_Mordellidae_Malaysia_Perak_,143.8
GMMBG066-16_Mordellidae_Mordellidae_Malaysia_Selangor_,143.8
GMMDN2599-15_Mordellidae_Mordellidae_Madagascar_Toamasina_BIOUG-MADAGASACAR,143.8
GMMDN2580-15_Mordellidae_Mordellidae_Madagascar_Toamasina_BIOUG-MADAGASACAR,143.8
GMMDF1238-15_Mordellidae_Mordellidae_Madagascar_Toamasina_BIOUG-MADAGASACAR,143.8
GMMDN2558-15_Mordellidae_Mordellidae_Madagascar_Toamasina_BIOUG-MADAGASACAR,143.8
GMMDM591-15_Mordellidae_Mordellidae_Madagascar_Toamasina_BIOUG-MADAGASACAR,143.8
GMKMT1002-15_Mordellidae_Mordellidae_Kenya_Laikipia_BIOUG-KENYA2,143.8
GMMGN2195-14_Mordellidae_Mordellidae_Malaysia_Selangor_BIOUG-GOMBAK,143.8
GMMBC076-16_Mordellidae_Mordellidae_Malaysia_Selangor_,143.8
GMMSI072-18_Mordellidae_Mordellidae_Malaysia_Perak_,143.8
GMPMC111-18_Mordellidae_Mordellidae_Philippines_Northern-Mindanao_,143.8
GMPMH567-18_Mordellidae_Mordellidae_Philippines_Northern-Mindanao_,143.8
GMMGT978-14_Mordellidae_Mordellidae_Malaysia_Selangor_BIOUG-GOMBAK,143.8
GMBCG257-15_Mordellidae_Mordellidae_Bangladesh_Chittagong_BIOUG-BANGLADESH,143.8
GMKMJ814-15_Mordellidae_Mordellidae_Kenya_Laikipia_BIOUG-KENYA2,143.8
GMKMT1028-15_Mordellidae_Mordellidae_Kenya_Laikipia_BIOUG-KENYA2,143.8
GMSAY660-14_Mordellidae_Mordellidae_South-Africa_Gauteng_BIOUG-MAGAL,143.8
GMMGT923-14_Mordellidae_Mordellidae_Malaysia_Selangor_BIOUG-GOMBAK,143.8
GMMGR374-14_Mordellidae_Mordellidae_Malaysia_Selangor_BIOUG-GOMBAK,143.8
GMMGF483-14_Mordellidae_Mordellidae_Malaysia_Selangor_BIOUG-GOMBAK,143.8
GMMSK673-18_Mordellidae_Mordellidae_Malaysia_Perak_,143.8
GMMGB171-14_Mordellidae_Mordellidae_Malaysia_Selangor_BIOUG-GOMBAK,143.8
GMMGD1624-14_Mordellidae_Mordellidae_Malaysia_Selangor_BIOUG-GOMBAK,143.8
GMMGB189-14_Mordellidae_Mordellidae_Malaysia_Selangor_BIOUG-GOMBAK,143.8
GMMGD1639-14_Mordellidae_Mordellidae_Malaysia_Selangor_BIOUG-GOMBAK,143.8
BP_FIT2_PD_Adult_BIP28_C11_MS2629_Unknown,143.8
BP_BEATING_PD_Adult_BIP10_C11_1723828_Mordellidae,143.8
BP_BEATING_PA_Adult_BIP06_C11_1723444_Mordellidae,143.8
GMMGN2901-14_Mordellidae_Mordellidae_Malaysia_Selangor_BIOUG-GOMBAK,143.8
GMMGB191-14_Mordellidae_Mordellidae_Malaysia_Selangor_BIOUG-GOMBAK,143.8
CNGSD9228-15_Mordellinae_Mordellidae_Canada_Saskatchewan_BIOUG-GRASS-NP,143.8
NGNAC2980-13_Mordellistena_Mordellidae_Canada_British-Columbia_BIOUG-AFTONMINE-S1,143.8
CNTID3763-15_Mordellistena_Mordellidae_Canada_Ontario_BIOUG-STLAW-NP,143.8
CNPPE2277-12_Mordellistena-militaris_Mordellidae_Canada_Ontario_BIOUG-PELEE-NP,143.8
JICBZ154-16_Mordellinae_Mordellidae_Costa-Rica_Guanacaste_,143.8
GMCRL1247-13_Mordellinae_Mordellidae_Costa-Rica_Guanacaste_BIOUG-ACG,143.8
GMMCD388-14_Mordellidae_Mordellidae_Mexico_Jalisco_BIOUG-CHAMELA,143.8
GMMCJ1147-14_Mordellidae_Mordellidae_Mexico_Jalisco_BIOUG-CHAMELA,143.8
GMPRA136-16_Mordellinae_Mordellidae_Puerto-Rico_Mayaguez_,143.8
GMPRR048-16_Mordellinae_Mordellidae_Puerto-Rico_Mayaguez_,143.8
SF_FIT1_P1_Adult_750_B11_1426453_Curculionidae,143.8
JIFFK405-16_Mordellinae_Mordellidae_Costa-Rica_Guanacaste_,143.8
SF_MALAISE1_P1_Adult_753_G12_1426802_Mordellidae,143.8
GMCRV231-13_Mordellinae_Mordellidae_Costa-Rica_Guanacaste_BIOUG-ACG,143.8
JIDDE015-16_Mordellinae_Mordellidae_Costa-Rica_Guanacaste_,143.8
MBIOF1522-13_Mordellistena_Mordellidae_Canada_Ontario_BIOUG-BIOINST,143.8
AGAKG630-17_Mordellidae_Mordellidae_Canada_Ontario_,143.8
RRMPG681-15_Mordellistena_Mordellidae_Canada_Ontario_,143.8
MBIOF1532-13_Mordellistena_Mordellidae_Canada_Ontario_BIOUG-BIOINST,143.8
CNEIC044-12_Mordellistena_Mordellidae_Canada_Alberta_BIOUG-ELKISL-NP-1,143.8
CNGSD9188-15_Mordellistena_Mordellidae_Canada_Saskatchewan_BIOUG-GRASS-NP,143.8
MBIOE1435-13_Mordellina-pustulata_Mordellidae_Canada_Ontario_BIOUG-BIOINST,143.8
CNTID3779-15_Mordellina-pustulata_Mordellidae_Canada_Ontario_BIOUG-STLAW-NP,143.8
RRMPG693-15_Mordellistena-aspersa_Mordellidae_Canada_Ontario_,143.8
RRMPG682-15_Mordellistena-aspersa_Mordellidae_Canada_Ontario_,143.8
NGNAI144-13_Mordellistena-sericans_Mordellidae_Canada_British-Columbia_BIOUG-AFTONMINE-C1,143.8
CNGSD9197-15_Mordellistena-sericans_Mordellidae_Canada_Saskatchewan_BIOUG-GRASS-NP,143.8
GMMCJ608-14_Mordellidae_Mordellidae_Mexico_Jalisco_BIOUG-CHAMELA,143.8
GMMCM525-15_Mordellidae_Mordellidae_Mexico_Jalisco_BIOUG-CHAMELA,143.8
GMSAB1881-13_Mordellidae_Mordellidae_South-Africa_Gauteng_BIOUG-MAGAL,143.8
JCCCC1432-16_Mordellinae_Mordellidae_Costa-Rica_Guanacaste_,143.8
GMMCL230-14_Mordellidae_Mordellidae_Mexico_Jalisco_BIOUG-CHAMELA,143.8
GMHKR079-15_Mordellidae_Mordellidae_Honduras_Cortes_,143.8
GMMAH1626-15_Mordellidae_Mordellidae_Mexico_Jalisco_BIOUG-CHAMELA,143.8
GMHKV155-15_Mordellinae_Mordellidae_Honduras_Islas-de-la-Bahia_,143.8
GMBUF1963-14_Mordellistena_Mordellidae_Bulgaria_Sofiya_BIOUG-SOFIYA,143.8
GMGML1303-14_Mordellistena-spACP3789_Mordellidae_Germany_Rhineland-Palatinate_BIOUG-GERMANY,143.8
GMGMM1448-14_Mordellistena-spACP5293_Mordellidae_Germany_Rhineland-Palatinate_BIOUG-GERMANY,143.8
GMBUE3118-14_Mordellistena_Mordellidae_Bulgaria_Sofiya_BIOUG-SOFIYA,143.8
CNPPD2438-12_Mordellistena_Mordellidae_Canada_Ontario_BIOUG-PELEE-NP,143.8
PHMTV292-10_Mordellistena-morula_Mordellidae_Canada_Ontario_BIOUG-PDH-home,143.8
GMBUC1775-14_Mordellistena-pumila_Mordellidae_Bulgaria_Sofiya_BIOUG-SOFIYA,143.8
GMGMJ1480-14_Mordellistena-pumila_Mordellidae_Germany_Rhineland-Palatinate_BIOUG-GERMANY,143.8
GMBUF1971-14_Mordellidae_Mordellidae_Bulgaria_Sofiya_BIOUG-SOFIYA,143.8
GMGMK993-14_Mordellistena-pumila_Mordellidae_Germany_Rhineland-Palatinate_BIOUG-GERMANY,143.8
GMBUD1560-14_Mordellistena-pumila_Mordellidae_Bulgaria_Sofiya_BIOUG-SOFIYA,143.8
GMCHD559-14_Mordellistena-pumila_Mordellidae_China_Shaanxi_BIOUG-SHAANXI,143.8
GMBUC1571-14_Mordellidae_Mordellidae_Bulgaria_Sofiya_BIOUG-SOFIYA,143.8
GMCHC083-14_Mordellinae_Mordellidae_China_Shaanxi_BIOUG-SHAANXI,143.8
GMCHA083-14_Mordellinae_Mordellidae_China_Shaanxi_BIOUG-SHAANXI,143.8
GMEGB127-14_Mordellinae_Mordellidae_Egypt_Alexandria_BIOUG-ALEXAN-1,143.8
GMCRX563-13_Mordellinae_Mordellidae_Costa-Rica_Guanacaste_BIOUG-ACG,143.8
GMCRW643-13_Mordellinae_Mordellidae_Costa-Rica_Guanacaste_BIOUG-ACG,143.8
GMMCX757-15_Mordellidae_Mordellidae_Mexico_Jalisco_BIOUG-CHAMELA,143.8
GMCLL504-14_Mordellinae_Mordellidae_Costa-Rica_Guanacaste_BIOUG-ACG,143.8
AGAKS1997-17_Mordellistena_Mordellidae_Canada_Ontario_,143.8
CNGSD9167-15_Mordellina-nigricans_Mordellidae_Canada_Saskatchewan_BIOUG-GRASS-NP,143.8
CNPPH1137-12_Mordellina-nigricans_Mordellidae_Canada_Ontario_BIOUG-PELEE-NP,143.8
HPPPH020-13_Mordellina-infima_Mordellidae_Canada_Nova-Scotia_BIOUG-HALIFAX,143.8
GMMAG139-15_Mordellidae_Mordellidae_Mexico_Jalisco_BIOUG-CHAMELA,143.8
JICCH757-16_Mordellinae_Mordellidae_Costa-Rica_Guanacaste_,143.8
AGAKH307-17_Mordellistena_Mordellidae_Canada_Ontario_,143.8
GMMCY1019-15_Mordellidae_Mordellidae_Mexico_Jalisco_BIOUG-CHAMELA,143.8
GMRBL058-15_Mordellinae_Mordellidae_United-States_California_BIOUG-SANDIEGO-6,143.8
GMMCT536-15_Mordellidae_Mordellidae_Mexico_Jalisco_BIOUG-CHAMELA,143.8
GMMAH1639-15_Mordellidae_Mordellidae_Mexico_Jalisco_BIOUG-CHAMELA,143.8
CNPPE376-12_Mordellistena_Mordellidae_Canada_Ontario_BIOUG-PELEE-NP,143.8
CNPPE2295-12_Mordellina-ancilla_Mordellidae_Canada_Ontario_BIOUG-PELEE-NP,143.8
JIBBH046-16_Mordellinae_Mordellidae_Costa-Rica_Guanacaste_,143.8
GMMCK1074-14_Mordellidae_Mordellidae_Mexico_Jalisco_BIOUG-CHAMELA,143.8
GMRCA089-15_Mordellinae_Mordellidae_United-States_California_BIOUG-SANDIEGO-6,143.8
CNPPG901-12_Mordellina-quadrinotata_Mordellidae_Canada_Ontario_BIOUG-PELEE-NP,143.8
GMFRG731-14_Mordellistena_Mordellidae_United-States_Virginia_BIOUG-FRONTROYAL,143.8
CNTIF2618-15_Mordellina-quadrinotata_Mordellidae_Canada_Ontario_BIOUG-STLAW-NP,143.8
CNPPD2463-12_Mordellistena_Mordellidae_Canada_Ontario_BIOUG-PELEE-NP,143.8
GMGSE033-12_Mordellina_Mordellidae_United-States_Tennessee_BIOUG-GSM-NP,143.8
CNSLQ057-13_Mordellina-ancilla_Mordellidae_Canada_Ontario_BIOUG-STLAW-NP,143.8
GMCII1223-15_Mordellinae_Mordellidae_Costa-Rica_Guanacaste_BIOUG-ACG,143.8
GMMAM320-15_Mordellidae_Mordellidae_Mexico_Jalisco_BIOUG-CHAMELA,143.8
JCCCS1182-16_Mordellinae_Mordellidae_Costa-Rica_Guanacaste_,143.8
CCCP_P1_43,143.8
GMCRE1005-13_Mordellinae_Mordellidae_Costa-Rica_Guanacaste_BIOUG-ACG,143.8
AGAKK2077-17_Mordellina-ancilla_Mordellidae_Canada_Ontario_,143.8
GMFRF782-14_Mordellina-ancilla_Mordellidae_United-States_Virginia_BIOUG-FRONTROYAL,143.8
GMFRG799-14_Mordellina-ancilla_Mordellidae_United-States_Virginia_BIOUG-FRONTROYAL,143.8
GMGSO051-13_Mordellina-ancilla_Mordellidae_United-States_Tennessee_BIOUG-GSM-NP,143.8
CNRMD2530-12_Mordellina-ancilla_Mordellidae_Canada_Manitoba_BIOUG-RIDING-NP,143.8
JIFFG177-16_Mordellinae_Mordellidae_Costa-Rica_Guanacaste_,143.8
GMCII1242-15_Mordellinae_Mordellidae_Costa-Rica_Guanacaste_BIOUG-ACG,143.8
GMMCX827-15_Mordellinae_Mordellidae_Mexico_Jalisco_BIOUG-CHAMELA,143.8
GMMCX491-15_Mordellidae_Mordellidae_Mexico_Jalisco_BIOUG-CHAMELA,143.8
JICCJ677-16_Mordellinae_Mordellidae_Costa-Rica_Guanacaste_,143.8
GMMCJ1159-14_Mordellidae_Mordellidae_Mexico_Jalisco_BIOUG-CHAMELA,143.8
GMHKV172-15_Mordellidae_Mordellidae_Honduras_Islas-de-la-Bahia_,143.8
GMCRX570-13_Mordellinae_Mordellidae_Costa-Rica_Guanacaste_BIOUG-ACG,143.8
GMMCB018-14_Mordellidae_Mordellidae_Mexico_Jalisco_BIOUG-CHAMELA,143.8
GMMGT969-14_Mordellidae_Mordellidae_Malaysia_Selangor_BIOUG-GOMBAK,143.8
GMMGT950-14_Mordellidae_Mordellidae_Malaysia_Selangor_BIOUG-GOMBAK,143.8
BP_BEATING_PB_Adult_BIP03_D11_1723168_Mordellidae,143.8
BP_BEATING_PC_Adult_BIP08_D06_1723643_Mordellidae,143.8
GMMBG098-16_Mordellinae_Mordellidae_Malaysia_Selangor_,143.8
GMMGT134-14_Mordellidae_Mordellidae_Malaysia_Selangor_BIOUG-GOMBAK,143.8
GMGAB211-17_Mordellidae_Mordellidae_Gabon_Moyen-Ogooue_,143.8
GMGAF760-17_Mordellidae_Mordellidae_Gabon_Moyen-Ogooue_,143.8
GMNGA089-16_Mordellidae_Mordellidae_Papua-New-Guinea_Madang_,143.8
GMCWM469-15_Mordellidae_Mordellidae_Australia_Western-Australia_,143.8
GMCHN372-14_Mordellidae_Mordellidae_China_Shaanxi_BIOUG-SHAANXI,143.8
GMCHN360-14_Mordellinae_Mordellidae_China_Shaanxi_BIOUG-SHAANXI,143.8
CNGBM236-14_Mordellistena-errans_Mordellidae_Canada_Ontario_BIOUG-GEOBAY-NP-2,143.8
CNKOO737-14_Mordellistena-errans_Mordellidae_Canada_New-Brunswick_BIOUG-KOUCH-NP,143.8
HEJUL323-12_Mordellistena-errans_Mordellidae_Canada_Ontario_BIOUG-PDH-home,143.8
CNTIE1409-15_Mordellistena-errans_Mordellidae_Canada_Ontario_BIOUG-STLAW-NP,143.8
GMFRS206-15_Mordellistena-errans_Mordellidae_United-States_Virginia_BIOUG-FRONTROYAL,143.8
CNTID3789-15_Mordellistena-ornata_Mordellidae_Canada_Ontario_BIOUG-STLAW-NP,143.8
GMCTA208-17_Mordellistena_Mordellidae_Canada_Ontario_,143.8
CNROP453-13_Mordellistena-ornata_Mordellidae_Canada_Ontario_BIOUG-ROUGE-NP,143.8
GMGMN1163-14_Mordellistena-neuwaldeggiana_Mordellidae_Germany_Rhineland-Palatinate_BIOUG-GERMANY,143.8
GMFRS228-15_Mordellistena-ornata_Mordellidae_United-States_Virginia_BIOUG-FRONTROYAL,143.8
CNEID034-12_Mordellistena_Mordellidae_Canada_Alberta_BIOUG-ELKISL-NP-1,143.8
GMBUD1559-14_Mordellidae_Mordellidae_Bulgaria_Sofiya_BIOUG-SOFIYA,143.8
GMKMU700-15_Mordellidae_Mordellidae_Kenya_Laikipia_BIOUG-KENYA2,143.8
GMGBA115-17_Mordellidae_Mordellidae_Gabon_Moyen-Ogooue_,143.8
JIAAK113-16_Mordellinae_Mordellidae_Costa-Rica_Guanacaste_,143.8
GMHJN118-15_Mordellidae_Mordellidae_Honduras_Cortes_,143.8
GMGAC152-17_Mordellidae_Mordellidae_Gabon_Moyen-Ogooue_,143.8
GMMGI689-14_Mordellidae_Mordellidae_Malaysia_Selangor_BIOUG-GOMBAK,143.8
GMNGK106-16_Mordellinae_Mordellidae_Papua-New-Guinea_Madang_,143.8
JIAAK104-16_Mordellinae_Mordellidae_Costa-Rica_Guanacaste_,143.8
GMGAC148-17_Mordellidae_Mordellidae_Gabon_Moyen-Ogooue_,143.8
GMMGG158-14_Mordellidae_Mordellidae_Malaysia_Selangor_BIOUG-GOMBAK,143.8
GMCCE1246-17_Mordellidae_Mordellidae_Costa-Rica_Guanacaste_,143.8
JICAI018-16_Mordellinae_Mordellidae_Costa-Rica_Guanacaste_,143.8
JIBBH027-16_Mordellinae_Mordellidae_Costa-Rica_Guanacaste_,143.8
GMGAC165-17_Mordellidae_Mordellidae_Gabon_Moyen-Ogooue_,143.8
GMGAD162-17_Mordellidae_Mordellidae_Gabon_Moyen-Ogooue_,143.8
GMCRN165-13_Mordellinae_Mordellidae_Costa-Rica_Guanacaste_BIOUG-ACG,143.8
GMCJJ961-14_Mordellinae_Mordellidae_Costa-Rica_Guanacaste_BIOUG-ACG,143.8
SF_MALAISE1_P6_Adult_750_E04_1426482_Curculionidae,143.8
GMAAT083-16_Mordellinae_Mordellidae_Costa-Rica_Guanacaste_,143.8
GMMDL1678-15_Mordellidae_Mordellidae_Madagascar_Toamasina_BIOUG-MADAGASACAR,143.8
GMMDL1654-15_Mordellidae_Mordellidae_Madagascar_Toamasina_BIOUG-MADAGASACAR,143.8
GMMDN2572-15_Mordellidae_Mordellidae_Madagascar_Toamasina_BIOUG-MADAGASACAR,143.8
GMCRK2692-13_Mordellinae_Mordellidae_Costa-Rica_Guanacaste_BIOUG-ACG,143.8
JICCO483-16_Mordellinae_Mordellidae_Costa-Rica_Guanacaste_,143.8
JICAW180-16_Mordellinae_Mordellidae_Costa-Rica_Guanacaste_,143.8
GMGSJ414-12_Pseudotolida-arida_Mordellidae_United-States_Tennessee_BIOUG-GSM-NP,143.8
CNPPE2302-12_Pseudotolida-arida_Mordellidae_Canada_Ontario_BIOUG-PELEE-NP,143.8
CNROH588-13_Pseudotolida-arida_Mordellidae_Canada_Ontario_BIOUG-ROUGE-NP,143.8
CNPPE373-12_Pseudotolida-arida_Mordellidae_Canada_Ontario_BIOUG-PELEE-NP,143.8
CNGSF2636-15_Mordellinae_Mordellidae_Canada_Saskatchewan_BIOUG-GRASS-NP,143.8
JICCY778-16_Mordellinae_Mordellidae_Costa-Rica_Guanacaste_,143.8
JIAAO138-16_Mordellinae_Mordellidae_Costa-Rica_Guanacaste_,143.8
GMBUE3013-14_Mordellidae_Mordellidae_Bulgaria_Sofiya_BIOUG-SOFIYA,143.8
GMMDN2525-15_Mordellidae_Mordellidae_Madagascar_Toamasina_BIOUG-MADAGASACAR,143.8
GMGAH1193-17_Mordellidae_Mordellidae_Gabon_Moyen-Ogooue_,143.8
GMGAF720-17_Mordellidae_Mordellidae_Gabon_Moyen-Ogooue_,143.8
GMCII1173-15_Mordellinae_Mordellidae_Costa-Rica_Guanacaste_BIOUG-ACG,143.8
JICCA1712-16_Mordellinae_Mordellidae_Costa-Rica_Guanacaste_,143.8
CH_MALAISE2_P1_Adult_768_B12_1721701_Mordellidae,143.8
GMCRA276-13_Mordellinae_Mordellidae_Costa-Rica_Guanacaste_BIOUG-ACG,143.8
GMMCX766-15_Mordellidae_Mordellidae_Mexico_Jalisco_BIOUG-CHAMELA,143.8
GMCRN109-13_Mordellinae_Mordellidae_Costa-Rica_Guanacaste_BIOUG-ACG,143.8
JIDDX045-16_Mordellinae_Mordellidae_Costa-Rica_Guanacaste_,143.8
JIDDW046-16_Mordellinae_Mordellidae_Costa-Rica_Guanacaste_,143.8
GMMCK1083-14_Mordellidae_Mordellidae_Mexico_Jalisco_BIOUG-CHAMELA,143.8
JIFFH094-16_Mordellinae_Mordellidae_Costa-Rica_Guanacaste_,143.8
GMCGG355-14_Mordellinae_Mordellidae_Costa-Rica_Guanacaste_BIOUG-ACG,143.8
GMCHN348-14_Mordellidae_Mordellidae_China_Shaanxi_BIOUG-SHAANXI,143.8
GMCHN379-14_Mordellinae_Mordellidae_China_Shaanxi_BIOUG-SHAANXI,143.8
GMACR460-15_Mordellinae_Mordellidae_Costa-Rica_Guanacaste_BIOUG-ACG,143.8
GMCJJ936-14_Mordellinae_Mordellidae_Costa-Rica_Guanacaste_BIOUG-ACG,143.8
GMASX017-17_Mordellidae_Mordellidae_Australia_South-Australia_,143.8
SF_MALAISE2_P1_Adult_750_H04_1426518_Mordellidae,143.8
JIBBC151-16_Mordellinae_Mordellidae_Costa-Rica_Guanacaste_,143.8
GMHDK064-13_Mordellidae_Mordellidae_Honduras_Cortes_BIOUG-CUSU-NP-2,143.8
JIEED104-16_Mordellinae_Mordellidae_Costa-Rica_Guanacaste_,143.8
GMCRB152-13_Mordellinae_Mordellidae_Costa-Rica_Guanacaste_BIOUG-ACG,143.8
GMCDX1961-17_Mordellidae_Mordellidae_Costa-Rica_Guanacaste_,143.8
GMAAD1067-16_Mordellinae_Mordellidae_Costa-Rica_Guanacaste_,143.8
SF_SLAM2_P7_Adult_751_H05_1426615_Staphylinidae,143.8
CH_SLAM1_P1_Adult_760_C08_1687113_Mordellidae,143.8
GMHDK057-13_Mordellidae_Mordellidae_Honduras_Cortes_BIOUG-CUSU-NP-2,143.8
CCCP_P2_22,143.8
SF_MALAISE2_P1_Adult_754_H08_1426906_Mordellidae,143.8
GMAAS590-16_Mordellinae_Mordellidae_Costa-Rica_Guanacaste_,143.8
JICAY030-16_Mordellinae_Mordellidae_Costa-Rica_Guanacaste_,143.8
GMFRH002-15_Mordellidae_Mordellidae_United-States_Virginia_BIOUG-FRONTROYAL,143.8
CNRGG274-15_Mordellistena-trifasciata_Mordellidae_Canada_Ontario_BIOUG-ROUGE-NP,143.8
MBIOI991-13_Mordellistena-trifasciata_Mordellidae_Canada_Ontario_BIOUG-BIOINST,143.8
GMMCJ1122-14_Mordellidae_Mordellidae_Mexico_Jalisco_BIOUG-CHAMELA,143.8
GMCLL496-14_Mordellinae_Mordellidae_Costa-Rica_Guanacaste_BIOUG-ACG,143.8
GMHKV166-15_Mordellinae_Mordellidae_Honduras_Islas-de-la-Bahia_,143.8
GMCRN129-13_Mordellinae_Mordellidae_Costa-Rica_Guanacaste_BIOUG-ACG,143.8
GMMCT530-15_Mordellidae_Mordellidae_Mexico_Jalisco_BIOUG-CHAMELA,143.8
GMCII1204-15_Mordellinae_Mordellidae_Costa-Rica_Guanacaste_BIOUG-ACG,143.8
GMHMI265-15_Mordellinae_Mordellidae_Honduras_Cortes_,143.8
JIFFG166-16_Mordellinae_Mordellidae_Costa-Rica_Guanacaste_,143.8
CH_SLAM1_P1_Adult_760_C04_1687109_Mordellidae,143.8
JIBBC121-16_Mordellinae_Mordellidae_Costa-Rica_Guanacaste_,143.8
GMCHO317-14_Mordellinae_Mordellidae_China_Shaanxi_BIOUG-SHAANXI,143.8
GMMCU1313-15_Mordellidae_Mordellidae_Mexico_Jalisco_BIOUG-CHAMELA,143.8
JICAR037-16_Mordellinae_Mordellidae_Costa-Rica_Guanacaste_,143.8
SF_SLAM1_P6_Adult_751_G12_1426610_Lampyridae,143.8
GMCRT862-13_Mordellinae_Mordellidae_Costa-Rica_Guanacaste_BIOUG-ACG,143.8
MG193447,143.8
SF_MALAISE1_P1_Adult_754_D07_1426857_Mordellidae,143.8
GMHKB154-15_Mordellidae_Mordellidae_Honduras_Cortes_,143.8
SF_MALAISE2_P1_Adult_751_E07_1426581_Chrysomelidae,143.8
GMCDV1268-17_Mordellidae_Mordellidae_Costa-Rica_Guanacaste_,143.8
JIDDX046-16_Mordellinae_Mordellidae_Costa-Rica_Guanacaste_,143.8
GMAAM810-16_Mordellinae_Mordellidae_Costa-Rica_Guanacaste_,143.8
GMACV057-15_Mordellinae_Mordellidae_Costa-Rica_Guanacaste_BIOUG-ACG,143.8
GMHDM092-13_Mordellinae_Mordellidae_Honduras_Cortes_BIOUG-CUSU-NP-2,143.8
GMHJA050-14_Mordellinae_Mordellidae_Honduras_Cortes_,143.8
JIDDZ055-16_Mordellinae_Mordellidae_Costa-Rica_Guanacaste_,143.8
GMCDU1241-17_Mordellidae_Mordellidae_Costa-Rica_Guanacaste_,143.8
GMCKK274-14_Mordellinae_Mordellidae_Costa-Rica_Guanacaste_BIOUG-ACG,143.8
GMAAQ684-16_Mordellinae_Mordellidae_Costa-Rica_Guanacaste_,143.8
GMACQ604-15_Mordellinae_Mordellidae_Costa-Rica_Guanacaste_BIOUG-ACG,143.8
MG193465,143.8
CNPAE476-13_Mordellistena-bicinctella_Mordellidae_Canada_Saskatchewan_BIOUG-PRINCEALB-NP-2,143.8
CNRME5029-12_Mordellistena_Mordellidae_Canada_Manitoba_BIOUG-RIDING-NP,143.8
GMCCB1657-17_Mordellidae_Mordellidae_Costa-Rica_Guanacaste_,143.8
GMAAV564-16_Mordellinae_Mordellidae_Costa-Rica_Guanacaste_,143.8
SF_MALAISE2_P1_Adult_754_G04_1426890_Mordellidae,143.8
SF_SLAM2_P1_Adult_752_A03_1426625_Mordellidae,143.8
GMCRN146-13_Mordellinae_Mordellidae_Costa-Rica_Guanacaste_BIOUG-ACG,143.8
GMHKE062-15_Mordellidae_Mordellidae_Honduras_Cortes_,143.8
GMHLB334-15_Mordellidae_Mordellidae_Honduras_Cortes_,143.8
GMMCU1268-15_Mordellidae_Mordellidae_Mexico_Jalisco_BIOUG-CHAMELA,143.8
GMMCZ638-15_Mordellidae_Mordellidae_Mexico_Jalisco_BIOUG-CHAMELA,143.8
GMMCO1511-15_Mordellidae_Mordellidae_Mexico_Jalisco_BIOUG-CHAMELA,143.8
JIBBD181-16_Mordellinae_Mordellidae_Costa-Rica_Guanacaste_,143.8
GMCCB1453-17_Mordellidae_Mordellidae_Costa-Rica_Guanacaste_,143.8
GMMCK1069-14_Mordellidae_Mordellidae_Mexico_Jalisco_BIOUG-CHAMELA,143.8
GMMCS909-15_Mordellidae_Mordellidae_Mexico_Jalisco_BIOUG-CHAMELA,143.8
GMFRG802-14_Mordellistena_Mordellidae_United-States_Virginia_BIOUG-FRONTROYAL,143.8
SF_FIT2_P1_Adult_750_D01_1426467_Nitidulidae,143.8
GMHMB185-15_Mordellidae_Mordellidae_Honduras_Cortes_,143.8
GMHDK058-13_Mordellinae_Mordellidae_Honduras_Cortes_BIOUG-CUSU-NP-2,143.8
CNSLF089-12_Falsomordellistena-discolor_Mordellidae_Canada_Ontario_BIOUG-STLAW-NP,143.8
GMFRT103-15_Falsomordellistena_Mordellidae_United-States_Virginia_BIOUG-FRONTROYAL,143.8
GMCHB338-14_Mordellinae_Mordellidae_China_Shaanxi_BIOUG-SHAANXI,143.8
GMCRU843-13_Mordellinae_Mordellidae_Costa-Rica_Guanacaste_BIOUG-ACG,143.8
JIEEL132-16_Mordellinae_Mordellidae_Costa-Rica_Guanacaste_,143.8
GMAAQ685-16_Mordellinae_Mordellidae_Costa-Rica_Guanacaste_,143.8
GMMDL1721-15_Mordellidae_Mordellidae_Madagascar_Toamasina_BIOUG-MADAGASACAR,143.8
GMMDN2541-15_Mordellidae_Mordellidae_Madagascar_Toamasina_BIOUG-MADAGASACAR,143.8
GMMDN2561-15_Mordellidae_Mordellidae_Madagascar_Toamasina_BIOUG-MADAGASACAR,143.8
GMMDN2445-15_Mordellidae_Mordellidae_Madagascar_Toamasina_BIOUG-MADAGASACAR,143.8
GMMDN3168-15_Mordellidae_Mordellidae_Madagascar_Toamasina_BIOUG-MADAGASACAR,143.8
GMMDN2583-15_Mordellidae_Mordellidae_Madagascar_Toamasina_BIOUG-MADAGASACAR,143.8
GMMDN2550-15_Mordellidae_Mordellidae_Madagascar_Toamasina_BIOUG-MADAGASACAR,143.8
GMCRN262-13_Falsomordellistena_Mordellidae_Costa-Rica_Guanacaste_BIOUG-ACG,143.8
GMGSV020-13_Falsomordellistena-hebraica_Mordellidae_United-States_Tennessee_BIOUG-GSM-NP,143.8
GMFRR092-15_Falsomordellistena_Mordellidae_United-States_Virginia_BIOUG-FRONTROYAL,143.8
GMGSP440-13_Falsomordellistena_Mordellidae_United-States_Tennessee_BIOUG-GSM-NP,143.8
JICCO323-16_Mordellinae_Mordellidae_Costa-Rica_Guanacaste_,143.8
CCCP_P1_03,143.8
JICFY326-16_Mordellinae_Mordellidae_Costa-Rica_Guanacaste_,143.8
GMHLR098-16_Mordellidae_Mordellidae_Honduras_Cortes_,143.8
GMHKR047-15_Mordellidae_Mordellidae_Honduras_Cortes_,143.8
JICCN703-16_Mordellinae_Mordellidae_Costa-Rica_Guanacaste_,143.8
JICBY260-16_Mordellinae_Mordellidae_Costa-Rica_Guanacaste_,143.8
CCCP_P1_47,143.8
GMHGC077-13_Mordellidae_Mordellidae_Honduras_Cortes_BIOUG-CUSU-NP-1,143.8
GMHJD037-15_Mordellidae_Mordellidae_Honduras_Cortes_,143.8
GMADJ091-16_Mordellidae_Mordellidae_Costa-Rica_Guanacaste_,143.8
GMCDV1310-17_Mordellidae_Mordellidae_Costa-Rica_Guanacaste_,143.8
JIEEG427-16_Mordellinae_Mordellidae_Costa-Rica_Guanacaste_,143.8
GMHDK066-13_Mordellinae_Mordellidae_Honduras_Cortes_BIOUG-CUSU-NP-2,143.8
GMHGJ074-13_Mordellidae_Mordellidae_Honduras_Cortes_BIOUG-CUSU-NP-2,143.8
JICAQ016-16_Mordellinae_Mordellidae_Costa-Rica_Guanacaste_,143.8
GMGSO524-13_Mordellinae_Mordellidae_United-States_Tennessee_BIOUG-GSM-NP,143.8
GMGSM636-13_Falsomordellistena_Mordellidae_United-States_Tennessee_BIOUG-GSM-NP,143.8
GMCDU1180-17_Mordellidae_Mordellidae_Costa-Rica_Guanacaste_,143.8
JICEJ062-16_Mordellinae_Mordellidae_Costa-Rica_Guanacaste_,143.8
GMCCF819-17_Mordellidae_Mordellidae_Costa-Rica_Guanacaste_,143.8
GMHMJ203-15_Mordellidae_Mordellidae_Honduras_Cortes_,143.8
SF_FIT2_P1_Adult_750_E12_1426490_Scaphidiidae,143.8
JICCQ419-16_Mordellinae_Mordellidae_Costa-Rica_Guanacaste_,143.8
GMCAB765-15_Mordellinae_Mordellidae_Costa-Rica_Guanacaste_BIOUG-ACG,143.8
JICCY799-16_Mordellinae_Mordellidae_Costa-Rica_Guanacaste_,143.8
JIFFE143-16_Mordellinae_Mordellidae_Costa-Rica_Guanacaste_,143.8
GMCDD457-14_Mordellinae_Mordellidae_Costa-Rica_Guanacaste_BIOUG-ACG,143.8
JIFFF119-16_Mordellinae_Mordellidae_Costa-Rica_Guanacaste_,143.8
GMCRK2703-13_Mordellinae_Mordellidae_Costa-Rica_Guanacaste_BIOUG-ACG,143.8
GMCRK2723-13_Mordellinae_Mordellidae_Costa-Rica_Guanacaste_BIOUG-ACG,143.8
GMCRK2687-13_Mordellinae_Mordellidae_Costa-Rica_Guanacaste_BIOUG-ACG,143.8
GMCYY1372-15_Mordellinae_Mordellidae_Costa-Rica_Guanacaste_BIOUG-ACG,143.8
JICFY263-16_Mordellinae_Mordellidae_Costa-Rica_Guanacaste_,143.8
MG193415,143.8
GMCCD1348-17_Mordellidae_Mordellidae_Costa-Rica_Guanacaste_,143.8
SF_MALAISE2_P1_Adult_751_E08_1426582_Chrysomelidae,143.8
GMCCD1316-17_Mordellidae_Mordellidae_Costa-Rica_Guanacaste_,143.8
GMCCB1965-17_Mordellidae_Mordellidae_Costa-Rica_Guanacaste_,143.8
CH_MALAISE2_P1_Adult_761_E04_1687229_Mordellidae,143.8
JICAV021-16_Mordellinae_Mordellidae_Costa-Rica_Guanacaste_,143.8
SF_MALAISE2_P1_Adult_750_G02_1426504_Mordellidae,143.8
JIAAA060-16_Mordellinae_Mordellidae_Costa-Rica_Guanacaste_,143.8
JIFFE175-16_Mordellinae_Mordellidae_Costa-Rica_Guanacaste_,143.8
CH_MALAISE2_P1_Adult_761_E05_1687230_Mordellidae,143.8
GMHKR045-15_Falsomordellistena_Mordellidae_Honduras_Cortes_,143.8
JICFT105-16_Mordellinae_Mordellidae_Costa-Rica_Guanacaste_,143.8
GMHMJ185-15_Mordellidae_Mordellidae_Honduras_Cortes_,143.8
JICAU116-16_Mordellinae_Mordellidae_Costa-Rica_Guanacaste_,143.8
SF_FIT2_P7_Adult_749_B02_1426347_Mordellidae,143.8
GMACR453-15_Falsomordellistena_Mordellidae_Costa-Rica_Guanacaste_BIOUG-ACG,143.8
CCCP_P1_53,143.8
JIAAE076-16_Mordellinae_Mordellidae_Costa-Rica_Guanacaste_,143.8
GMHJK011-15_Mordellidae_Mordellidae_Honduras_Cortes_,143.8
GMHJN110-15_Mordellinae_Mordellidae_Honduras_Cortes_,143.8
JICBZ146-16_Mordellinae_Mordellidae_Costa-Rica_Guanacaste_,143.8
GMCRI081-13_Falsomordellistena_Mordellidae_Costa-Rica_Guanacaste_BIOUG-ACG,143.8
GMCAB761-15_Falsomordellistena_Mordellidae_Costa-Rica_Guanacaste_BIOUG-ACG,143.8
JIFFD295-16_Mordellinae_Mordellidae_Costa-Rica_Guanacaste_,143.8
GMFRS195-15_Falsomordellistena-liturata_Mordellidae_United-States_Virginia_BIOUG-FRONTROYAL,143.8
CNPPE2279-12_Falsomordellistena-liturata_Mordellidae_Canada_Ontario_BIOUG-PELEE-NP,143.8
JICEX026-16_Mordellinae_Mordellidae_Costa-Rica_Guanacaste_,143.8
JIFFE123-16_Mordellinae_Mordellidae_Costa-Rica_Guanacaste_,143.8
GMGAC197-17_Mordellidae_Mordellidae_Gabon_Moyen-Ogooue_,143.8
GMMDN2506-15_Mordellidae_Mordellidae_Madagascar_Toamasina_BIOUG-MADAGASACAR,143.8
GMMDN2454-15_Mordellidae_Mordellidae_Madagascar_Toamasina_BIOUG-MADAGASACAR,143.8
GMGGA083-17_Mordellidae_Mordellidae_Gabon_Moyen-Ogooue_,143.8
GMGAK149-17_Mordellidae_Mordellidae_Gabon_Moyen-Ogooue_,143.8
GMGAC140-17_Mordellidae_Mordellidae_Gabon_Moyen-Ogooue_,143.8
JIFFH067-16_Mordellinae_Mordellidae_Costa-Rica_Guanacaste_,143.8
JICCO322-16_Mordellinae_Mordellidae_Costa-Rica_Guanacaste_,143.8
JICAV048-16_Mordellinae_Mordellidae_Costa-Rica_Guanacaste_,143.8
JICCN726-16_Mordellinae_Mordellidae_Costa-Rica_Guanacaste_,143.8
GMCDX1965-17_Mordellidae_Mordellidae_Costa-Rica_Guanacaste_,143.8
GMCRK2559-13_Falsomordellistena_Mordellidae_Costa-Rica_Guanacaste_BIOUG-ACG,143.8
GMFRG745-14_Falsomordellistena_Mordellidae_United-States_Virginia_BIOUG-FRONTROYAL,143.8
MG193475,143.8
JICAT032-16_Mordellinae_Mordellidae_Costa-Rica_Guanacaste_,143.8
GMMDK2698-15_Mordellidae_Mordellidae_Madagascar_Toamasina_BIOUG-MADAGASACAR,143.8
GMMDN2484-15_Mordellidae_Mordellidae_Madagascar_Toamasina_BIOUG-MADAGASACAR,143.8
GMFRR047-15_Mordellidae_Mordellidae_United-States_Virginia_BIOUG-FRONTROYAL,143.8
GMMDK2712-15_Mordellidae_Mordellidae_Madagascar_Toamasina_BIOUG-MADAGASACAR,143.8
GMMDK2748-15_Mordellidae_Mordellidae_Madagascar_Toamasina_BIOUG-MADAGASACAR,143.8
GMMDN2569-15_Mordellidae_Mordellidae_Madagascar_Toamasina_BIOUG-MADAGASACAR,143.8
GMMDN3164-15_Mordellidae_Mordellidae_Madagascar_Toamasina_BIOUG-MADAGASACAR,143.8
GMMDJ1398-15_Mordellidae_Mordellidae_Madagascar_Toamasina_BIOUG-MADAGASACAR,143.8
GMMDN2593-15_Mordellidae_Mordellidae_Madagascar_Toamasina_BIOUG-MADAGASACAR,143.8
GMMDL1629-15_Mordellidae_Mordellidae_Madagascar_Toamasina_BIOUG-MADAGASACAR,143.8
GMMDN2471-15_Mordellidae_Mordellidae_Madagascar_Toamasina_BIOUG-MADAGASACAR,143.8
GMMDK2777-15_Mordellidae_Mordellidae_Madagascar_Toamasina_BIOUG-MADAGASACAR,143.8
GMMDL1723-15_Mordellidae_Mordellidae_Madagascar_Toamasina_BIOUG-MADAGASACAR,143.8
GMGAZ041-17_Mordellidae_Mordellidae_Gabon_Moyen-Ogooue_,143.8
GMGAL030-17_Mordellidae_Mordellidae_Gabon_Moyen-Ogooue_,143.8
GMKMT1023-15_Mordellidae_Mordellidae_Kenya_Laikipia_BIOUG-KENYA2,143.8
GMCRG027-13_Mordellinae_Mordellidae_Costa-Rica_Guanacaste_BIOUG-ACG,143.8
GMSAV2371-13_Mordellidae_Mordellidae_South-Africa_Gauteng_BIOUG-MAGAL,143.8
GMCHM657-14_Mordellinae_Mordellidae_China_Shaanxi_BIOUG-SHAANXI,143.8
GMGML1051-14_Mordellistena-spACR545_Mordellidae_Germany_Rhineland-Palatinate_BIOUG-GERMANY,143.8
GMCHN359-14_Mordellinae_Mordellidae_China_Shaanxi_BIOUG-SHAANXI,143.8
GMCHN350-14_Mordellinae_Mordellidae_China_Shaanxi_BIOUG-SHAANXI,143.8
AGAKI069-17_Mordellidae_Mordellidae_Canada_Ontario_,143.8
MAMTM127-13_Mordellinae_Mordellidae_Pakistan_Islamabad_BIOUG-RAWAL,143.8
GMCHM656-14_Mordellinae_Mordellidae_China_Shaanxi_BIOUG-SHAANXI,143.8
GMGMA1548-14_Mordellistena-parvuloides_Mordellidae_Germany_Rhineland-Palatinate_BIOUG-GERMANY,143.8
GMCHM701-14_Mordellistena_Mordellidae_China_Shaanxi_BIOUG-SHAANXI,143.8
GMCHN341-14_Mordellistena_Mordellidae_China_Shaanxi_BIOUG-SHAANXI,143.8
GMCHM642-14_Mordellinae_Mordellidae_China_Shaanxi_BIOUG-SHAANXI,143.8
AGAKG628-17_Mordellistena_Mordellidae_Canada_Ontario_,143.8
GMCHN361-14_Mordellistena_Mordellidae_China_Shaanxi_BIOUG-SHAANXI,143.8
GMCHN380-14_Mordellistena_Mordellidae_China_Shaanxi_BIOUG-SHAANXI,143.8
GMCHE360-14_Mordellinae_Mordellidae_China_Shaanxi_BIOUG-SHAANXI,143.8
GMCHO329-14_Mordellistena_Mordellidae_China_Shaanxi_BIOUG-SHAANXI,143.8
GMGMA151-14_Mordellistena-spACO6512_Mordellidae_Germany_Rhineland-Palatinate_BIOUG-GERMANY,143.8
GMCHN382-14_Mordellistena_Mordellidae_China_Shaanxi_BIOUG-SHAANXI,143.8
GMGML1040-14_Mordellistena-bicoloripilosa_Mordellidae_Germany_Rhineland-Palatinate_BIOUG-GERMANY,143.8
CNFNS1309-14_Mordellistena-bicoloripilosa_Mordellidae_Canada_Quebec_BIOUG-FORILLON-NP,143.8
GMCHB343-14_Mordellistena_Mordellidae_China_Shaanxi_BIOUG-SHAANXI,143.8
GMBCG236-15_Mordellidae_Mordellidae_Bangladesh_Chittagong_BIOUG-BANGLADESH,143.8
GMGGG150-17_Mordellidae_Mordellidae_Gabon_Moyen-Ogooue_,143.8
GMKMX1594-15_Mordellidae_Mordellidae_Kenya_Laikipia_BIOUG-KENYA2,143.8
GMBCF5690-15_Mordellidae_Mordellidae_Bangladesh_Chittagong_BIOUG-BANGLADESH,143.8
JIFFI168-16_Mordellinae_Mordellidae_Costa-Rica_Guanacaste_,143.8
GMNGI078-16_Mordellidae_Mordellidae_Papua-New-Guinea_Madang_,143.8
GMNGX175-16_Mordellidae_Mordellidae_Papua-New-Guinea_Madang_,143.8
GMNGO052-16_Mordellidae_Mordellidae_Papua-New-Guinea_Madang_,143.8
GMNGB119-16_Mordellidae_Mordellidae_Papua-New-Guinea_Madang_,143.8
GMNGB128-16_Mordellidae_Mordellidae_Papua-New-Guinea_Madang_,143.8
GMNGA160-16_Mordellidae_Mordellidae_Papua-New-Guinea_Madang_,143.8
GMNGL105-16_Mordellinae_Mordellidae_Papua-New-Guinea_Madang_,143.8
GMNGE475-16_Mordellidae_Mordellidae_Papua-New-Guinea_Madang_,143.8
GMMGK406-14_Mordellidae_Mordellidae_Malaysia_Selangor_BIOUG-GOMBAK,143.8
GMKMC687-15_Mordellidae_Mordellidae_Kenya_Laikipia_BIOUG-KENYA2,143.8
GMCHM697-14_Mordellidae_Mordellidae_China_Shaanxi_BIOUG-SHAANXI,143.8
GMMBF143-16_Mordellinae_Mordellidae_Malaysia_Selangor_,143.8
GMMGT135-14_Mordellidae_Mordellidae_Malaysia_Selangor_BIOUG-GOMBAK,143.8
GMMBE144-16_Mordellinae_Mordellidae_Malaysia_Selangor_,143.8
GMMGD2012-14_Mordellidae_Mordellidae_Malaysia_Selangor_BIOUG-GOMBAK,143.8
GMMBE157-16_Mordellinae_Mordellidae_Malaysia_Selangor_,143.8
GMMGJ1004-14_Mordellidae_Mordellidae_Malaysia_Selangor_BIOUG-GOMBAK,143.8
GMMSJ038-18_Mordellidae_Mordellidae_Malaysia_Perak_,143.8
GMMGC294-14_Mordellidae_Mordellidae_Malaysia_Selangor_BIOUG-GOMBAK,143.8
GMMGJ547-14_Mordellidae_Mordellidae_Malaysia_Selangor_BIOUG-GOMBAK,143.8
BP_FIT1_PC_Adult_BIP24_F01_MS2271_Unknown,143.8
GMMGR1026-14_Mordellidae_Mordellidae_Malaysia_Selangor_BIOUG-GOMBAK,143.8
GMMGL405-14_Mordellidae_Mordellidae_Malaysia_Selangor_BIOUG-GOMBAK,143.8
BP_BEATING_PD_Adult_BIP10_E09_1723850_Mordellidae,143.8
GMMGB161-14_Mordellidae_Mordellidae_Malaysia_Selangor_BIOUG-GOMBAK,143.8
GMTKS363-18_Mordellidae_Mordellidae_Thailand_Trang_,143.8
GMMGT981-14_Mordellidae_Mordellidae_Malaysia_Selangor_BIOUG-GOMBAK,143.8
GMMGD2064-14_Mordellidae_Mordellidae_Malaysia_Selangor_BIOUG-GOMBAK,143.8
GMMGC281-14_Mordellidae_Mordellidae_Malaysia_Selangor_BIOUG-GOMBAK,143.8
BP_FIT1_PC_Adult_BIP24_E12_MS2270_Unknown,143.8
GMMGN2106-14_Mordellidae_Mordellidae_Malaysia_Selangor_BIOUG-GOMBAK,143.8
BP_BEATING_PB_Adult_BIP03_D08_1723165_Mordellidae,143.8
GMNGB127-16_Mordellidae_Mordellidae_Papua-New-Guinea_Madang_,143.8
GMNGF471-16_Mordellidae_Mordellidae_Papua-New-Guinea_Madang_,143.8
GMNGC129-16_Mordellinae_Mordellidae_Papua-New-Guinea_Madang_,143.8
GMNGA087-16_Mordellidae_Mordellidae_Papua-New-Guinea_Madang_,143.8
GMNGL111-16_Mordellidae_Mordellidae_Papua-New-Guinea_Madang_,143.8
GMNGZ087-16_Mordellidae_Mordellidae_Papua-New-Guinea_Madang_,143.8
GMNGM083-16_Mordellidae_Mordellidae_Papua-New-Guinea_Madang_,143.8
GMMSD493-18_Mordellidae_Mordellidae_Malaysia_Perak_,143.8
GMMGJ495-14_Mordellidae_Mordellidae_Malaysia_Selangor_BIOUG-GOMBAK,143.8
GMNGE129-16_Mordellinae_Mordellidae_Papua-New-Guinea_Madang_,143.8
GMBMK019-17_Mordellochroa-abdominalis_Mordellidae_Belarus_Minskaya-Voblasts_,143.8
CNEIC133-12_Mordellistena-frosti_Mordellidae_Canada_Alberta_BIOUG-ELKISL-NP-1,143.8
KX087318,143.8
CNTIC5763-15_Mordellochroa-scapularis_Mordellidae_Canada_Ontario_BIOUG-STLAW-NP,143.8
GMFRF818-14_Mordellochroa-scapularis_Mordellidae_United-States_Virginia_BIOUG-FRONTROYAL,143.8
GMFRT113-15_Mordellistena-limbalis_Mordellidae_United-States_Virginia_BIOUG-FRONTROYAL,143.8
CNTIG184-15_Mordellistena-limbalis_Mordellidae_Canada_Ontario_BIOUG-STLAW-NP,143.8
MAMTR110-14_Mordellidae_Mordellidae_Pakistan_Islamabad_BIOUG-RAWAL,143.8
BP_BEATING_PA_Adult_BIP06_C12_1723445_Mordellidae,143.8
BP_BEATING_PB_Adult_BIP03_C04_1723149_Mordellidae,143.8
GMATS532-16_Mordellidae_Mordellidae_Australia_Tasmania_,143.8
GMCWK076-15_Mordellidae_Mordellidae_Australia_Western-Australia_,143.8
GMMCM520-15_Mordellidae_Mordellidae_Mexico_Jalisco_BIOUG-CHAMELA,143.8
JICCB1181-16_Mordellinae_Mordellidae_Costa-Rica_Guanacaste_,143.8
GMCRH175-13_Mordellinae_Mordellidae_Costa-Rica_Guanacaste_BIOUG-ACG,143.8
GMCSS452-14_Mordellinae_Mordellidae_Costa-Rica_Guanacaste_BIOUG-ACG,143.8
GMCRD046-13_Mordellinae_Mordellidae_Costa-Rica_Guanacaste_BIOUG-ACG,143.8
CNROR028-13_Paramordellaria-triloba_Mordellidae_Canada_Ontario_BIOUG-ROUGE-NP,143.8
GMGSO053-13_Paramordellaria-triloba_Mordellidae_United-States_Tennessee_BIOUG-GSM-NP,143.8
CH_MALAISE2_P1_Adult_761_E02_1687227_Mordellidae,143.8
GMCRG164-13_Mordellinae_Mordellidae_Costa-Rica_Guanacaste_BIOUG-ACG,143.8
GMCRB1304-13_Mordellinae_Mordellidae_Costa-Rica_Guanacaste_BIOUG-ACG,143.8
GMMCO636-15_Mordellidae_Mordellidae_Mexico_Jalisco_BIOUG-CHAMELA,143.8
JIAAL072-16_Mordellinae_Mordellidae_Costa-Rica_Guanacaste_,143.8
GMCRA233-13_Mordellinae_Mordellidae_Costa-Rica_Guanacaste_BIOUG-ACG,143.8
MG193451,143.8
GMMCK1073-14_Mordellidae_Mordellidae_Mexico_Jalisco_BIOUG-CHAMELA,143.8
GMCII1261-15_Mordellinae_Mordellidae_Costa-Rica_Guanacaste_BIOUG-ACG,143.8
GMHKW166-15_Mordellinae_Mordellidae_Honduras_Islas-de-la-Bahia_,143.8
GMHKW154-15_Mordellidae_Mordellidae_Honduras_Islas-de-la-Bahia_,143.8
GMCRN2842-13_Mordellinae_Mordellidae_Costa-Rica_Guanacaste_BIOUG-ACG,143.8
CNTIF2241-15_Mordellaria-undulata_Mordellidae_Canada_Ontario_BIOUG-STLAW-NP,143.8
GMMGT918-14_Mordellidae_Mordellidae_Malaysia_Selangor_BIOUG-GOMBAK,143.8
JIEEJ345-16_Mordellinae_Mordellidae_Costa-Rica_Guanacaste_,143.8
GMMGT930-14_Mordellidae_Mordellidae_Malaysia_Selangor_BIOUG-GOMBAK,143.8
GMNGV042-16_Mordellidae_Mordellidae_Papua-New-Guinea_Madang_,143.8
GMNGY560-16_Mordellidae_Mordellidae_Papua-New-Guinea_Madang_,143.8
GMGAO582-17_Mordellidae_Mordellidae_Gabon_Moyen-Ogooue_,143.8
BP_MALAISE_PB_Adult_BIP01_G06_1723007_Mordellidae,143.8
GMMGT947-14_Mordellidae_Mordellidae_Malaysia_Selangor_BIOUG-GOMBAK,143.8
GMMGT101-14_Mordellidae_Mordellidae_Malaysia_Selangor_BIOUG-GOMBAK,143.8
GMNGW665-16_Mordellidae_Mordellidae_Papua-New-Guinea_Madang_,143.8
GMNGL032-16_Mordellidae_Mordellidae_Papua-New-Guinea_Madang_,143.8
GMNGY551-16_Mordellidae_Mordellidae_Papua-New-Guinea_Madang_,143.8
GMMGR122-14_Mordellidae_Mordellidae_Malaysia_Selangor_BIOUG-GOMBAK,143.8
GMGAD131-17_Mordellidae_Mordellidae_Gabon_Moyen-Ogooue_,143.8
GMCJJ653-14_Mordellinae_Mordellidae_Costa-Rica_Guanacaste_BIOUG-ACG,143.8
GMCRN124-13_Mordellinae_Mordellidae_Costa-Rica_Guanacaste_BIOUG-ACG,143.8
JIEEH026-16_Mordellinae_Mordellidae_Costa-Rica_Guanacaste_,143.8
CH_FIT1_P1_Adult_758_E03_1427249_Mordellidae,143.8
GMMCJ425-14_Mordellidae_Mordellidae_Mexico_Jalisco_BIOUG-CHAMELA,143.8
JIAAJ051-16_Mordellinae_Mordellidae_Costa-Rica_Guanacaste_,143.8
GMCRB1301-13_Mordellinae_Mordellidae_Costa-Rica_Guanacaste_BIOUG-ACG,143.8
GMCRA1162-13_Mordellinae_Mordellidae_Costa-Rica_Guanacaste_BIOUG-ACG,143.8
GMMCP519-15_Mordellidae_Mordellidae_Mexico_Jalisco_BIOUG-CHAMELA,143.8
GMCRA300-13_Mordellinae_Mordellidae_Costa-Rica_Guanacaste_BIOUG-ACG,143.8
GMHGG245-13_Mordellidae_Mordellidae_Honduras_Cortes_BIOUG-CUSU-NP-2,143.8
JIFFJ160-16_Mordellinae_Mordellidae_Costa-Rica_Guanacaste_,143.8
GMCRM1796-13_Mordellinae_Mordellidae_Costa-Rica_Guanacaste_BIOUG-ACG,143.8
GMFRF779-14_Mordellaria_Mordellidae_United-States_Virginia_BIOUG-FRONTROYAL,143.8
CNBPF012-12_Mordellaria_Mordellidae_Canada_Ontario_BIOUG-BRUCE-NP,143.8
GMGSE474-12_Mordellaria_Mordellidae_United-States_Tennessee_BIOUG-GSM-NP,143.8
CNTIF2641-15_Mordellaria_Mordellidae_Canada_Ontario_BIOUG-STLAW-NP,143.8
HPPPE1652-13_Mordellaria-serval_Mordellidae_Canada_Nova-Scotia_BIOUG-HALIFAX,143.8
JIDDC296-16_Mordellinae_Mordellidae_Costa-Rica_Guanacaste_,143.8
JIGGC029-16_Mordellinae_Mordellidae_Costa-Rica_Guanacaste_,143.8
CH_MALAISE1_P1_Adult_761_B11_1687200_Mordellidae,143.8
JCCCD614-16_Mordellinae_Mordellidae_Costa-Rica_Guanacaste_,143.8
CH_MALAISE2_P1_Adult_761_H02_1687263_Mordellidae,143.8
JIGGH121-16_Mordellidae_Mordellidae_Costa-Rica_Guanacaste_,143.8
JIAAE080-16_Mordellinae_Mordellidae_Costa-Rica_Guanacaste_,143.8
JCCCB529-16_Mordellinae_Mordellidae_Costa-Rica_Guanacaste_,143.8
CH_MALAISE2_P1_Adult_761_A03_1687180_Mordellidae,143.8
JCCCC1489-16_Mordellinae_Mordellidae_Costa-Rica_Guanacaste_,143.8
PMNHE475-15_Mordellidae_Mordellidae_Pakistan_Islamabad_BIOUG-RAWAL,143.8
GMGAN008-17_Mordellidae_Mordellidae_Gabon_Moyen-Ogooue_,143.8
GMMDN1567-15_Mordellidae_Mordellidae_Madagascar_Toamasina_BIOUG-MADAGASACAR,143.8
GMGAH1278-17_Mordellidae_Mordellidae_Gabon_Moyen-Ogooue_,143.8
GMMDL1632-15_Mordellidae_Mordellidae_Madagascar_Toamasina_BIOUG-MADAGASACAR,143.8
GMBCC3027-15_Mordellidae_Mordellidae_Bangladesh_Chittagong_BIOUG-BANGLADESH,143.8
GMNGY832-16_Mordellinae_Mordellidae_Papua-New-Guinea_Madang_,143.8
GMMGR012-14_Mordellidae_Mordellidae_Malaysia_Selangor_BIOUG-GOMBAK,143.8
BP_MALAISE_PB_Adult_BIP01_B05_1722946_Mordellidae,143.8
GMMBX007-17_Mordellidae_Mordellidae_Malaysia_Selangor_,143.8
GMMGC008-14_Mordellidae_Mordellidae_Malaysia_Selangor_BIOUG-GOMBAK,143.8
GMNGV414-16_Mordellinae_Mordellidae_Papua-New-Guinea_Madang_,143.8
GMAQF012-17_Mordellidae_Mordellidae_Australia_Queensland_,143.8
GMNGK002-16_Mordellidae_Mordellidae_Papua-New-Guinea_Madang_,143.8
CH_FIT2_P5_Adult_767_D04_1721621_Mordellidae,143.8
JIGGA014-16_Mordellinae_Mordellidae_Costa-Rica_Guanacaste_,143.8
GMFRS073-15_Hoshihananomia_Mordellidae_United-States_Virginia_BIOUG-FRONTROYAL,143.8
GMNGY831-16_Mordellidae_Mordellidae_Papua-New-Guinea_Madang_,143.8
GMMGL032-14_Mordellidae_Mordellidae_Malaysia_Selangor_BIOUG-GOMBAK,143.8
GMAQC091-17_Mordellidae_Mordellidae_Australia_Queensland_,143.8
GMNGR004-16_Mordellidae_Mordellidae_Papua-New-Guinea_Madang_,143.8
GMCWM472-15_Mordellidae_Mordellidae_Australia_Western-Australia_,143.8
GMNGU338-16_Mordellidae_Mordellidae_Papua-New-Guinea_Madang_,143.8
GMGGB851-17_Mordellidae_Mordellidae_Gabon_Moyen-Ogooue_,143.8
GMGSF477-12_Hoshihananomia-octopunctata_Mordellidae_United-States_Tennessee_BIOUG-GSM-NP,143.8
CNSLP1102-13_Hoshihananomia-octopunctata_Mordellidae_Canada_Ontario_BIOUG-STLAW-NP,143.8
GMCHD035-14_Mordellinae_Mordellidae_China_Shaanxi_BIOUG-SHAANXI,143.8
CH_FIT1_P7_Adult_767_C05_1721610_Mordellidae,143.8
GMMCK229-14_Mordellidae_Mordellidae_Mexico_Jalisco_BIOUG-CHAMELA,143.8
JIEEA031-16_Mordellinae_Mordellidae_Costa-Rica_Guanacaste_,143.8
CNPPE1527-12_Mordella-marginata_Mordellidae_Canada_Ontario_BIOUG-PELEE-NP,143.8
CNTIE1347-15_Mordella-marginata_Mordellidae_Canada_Ontario_BIOUG-STLAW-NP,143.8
AGAKL2378-17_Mordella-marginata_Mordellidae_Canada_Ontario_,143.8
CNPPE1533-12_Mordella-marginata_Mordellidae_Canada_Ontario_BIOUG-PELEE-NP,143.8
GMMCK1024-14_Mordellidae_Mordellidae_Mexico_Jalisco_BIOUG-CHAMELA,143.8
GMCRL2122-13_Mordella_Mordellidae_Costa-Rica_Guanacaste_BIOUG-ACG,143.8
JICCY768-16_Mordellinae_Mordellidae_Costa-Rica_Guanacaste_,143.8
GMMCL093-14_Mordellidae_Mordellidae_Mexico_Jalisco_BIOUG-CHAMELA,143.8
NC_013254,143.8
GMCVE272-16_Mordella-atrata_Mordellidae_Canada_British-Columbia_,143.8
GMBUE3090-14_Mordella_Mordellidae_Bulgaria_Sofiya_BIOUG-SOFIYA,143.8
GMGMC473-14_Mordella_Mordellidae_Germany_Rhineland-Palatinate_BIOUG-GERMANY,143.8
GMCHB350-14_Mordella_Mordellidae_China_Shaanxi_BIOUG-SHAANXI,143.8
JX412802,143.8
GMGMK947-14_Mordella-aculeata_Mordellidae_Germany_Rhineland-Palatinate_BIOUG-GERMANY,143.8
GMMGD1792-14_Mordellidae_Mordellidae_Malaysia_Selangor_BIOUG-GOMBAK,143.8
GMMGH660-14_Mordellidae_Mordellidae_Malaysia_Selangor_BIOUG-GOMBAK,143.8
GMMGH659-14_Mordellidae_Mordellidae_Malaysia_Selangor_BIOUG-GOMBAK,143.8
BP_FIT1_PC_Adult_BIP24_E08_MS2266_Unknown,143.8
GMNGW670-16_Mordellidae_Mordellidae_Papua-New-Guinea_Madang_,143.8
GMMGG689-14_Mordellidae_Mordellidae_Malaysia_Selangor_BIOUG-GOMBAK,143.8
GMGAI208-17_Mordellidae_Mordellidae_Gabon_Moyen-Ogooue_,143.8
GMMDL1701-15_Mordellidae_Mordellidae_Madagascar_Toamasina_BIOUG-MADAGASACAR,143.8
GMMDN2429-15_Mordellidae_Mordellidae_Madagascar_Toamasina_BIOUG-MADAGASACAR,143.8
JICFB017-16_Mordellinae_Mordellidae_Costa-Rica_Guanacaste_,143.8
JIFFG159-16_Mordellinae_Mordellidae_Costa-Rica_Guanacaste_,143.8
SF_MALAISE1_P1_Adult_754_C11_1426849_Mordellidae,143.8
JIFFJ260-16_Mordellinae_Mordellidae_Costa-Rica_Guanacaste_,143.8
CH_MALAISE2_P1_Adult_768_F07_1721744_Mordellidae,143.8
GMMGM110-14_Mordellidae_Mordellidae_Malaysia_Selangor_BIOUG-GOMBAK,143.8
JIEAA775-16_Mordellidae_Mordellidae_Costa-Rica_Guanacaste_,143.8
GMNGY541-16_Mordellidae_Mordellidae_Papua-New-Guinea_Madang_,143.8
GMMGN2177-14_Mordellidae_Mordellidae_Malaysia_Selangor_BIOUG-GOMBAK,143.8
JCCCT943-16_Mordellinae_Mordellidae_Costa-Rica_Guanacaste_,143.8
JICAY021-16_Mordellinae_Mordellidae_Costa-Rica_Guanacaste_,143.8
RRMFI4225-15_Tomoxia-lineella_Mordellidae_Canada_Ontario_,143.8
GMFRR572-15_Tomoxia-lineella_Mordellidae_United-States_Virginia_BIOUG-FRONTROYAL,143.8
GMGMJ373-14_Tomoxia-bucephala_Mordellidae_Germany_Rhineland-Palatinate_BIOUG-GERMANY,143.8
KX087355,143.8
JX412844,143.8
GMCRE1577-13_Mordellinae_Mordellidae_Costa-Rica_Guanacaste_BIOUG-ACG,143.8
RRMFI4161-15_Tomoxia-inclusa_Mordellidae_Canada_Ontario_,143.8
GMCRN178-13_Mordellinae_Mordellidae_Costa-Rica_Guanacaste_BIOUG-ACG,143.8
GMCJJ670-14_Mordellidae_Mordellidae_Costa-Rica_Guanacaste_BIOUG-ACG,143.8
GMGRC1067-13_Curtimorda-bisignata_Mordellidae_Germany_Bavaria_BIOUG-BAV-NP,143.8
JCCCE407-16_Mordellinae_Mordellidae_Costa-Rica_Guanacaste_,143.8
GMAAD070-16_Mordellidae_Mordellidae_Costa-Rica_Guanacaste_,143.8
GMCRD040-13_Mordellinae_Mordellidae_Costa-Rica_Guanacaste_BIOUG-ACG,143.8
GMBUE967-14_Mordellidae_Mordellidae_Bulgaria_Sofiya_BIOUG-SOFIYA,143.8
GMGMM996-14_Variimorda-villosa_Mordellidae_Germany_Rhineland-Palatinate_BIOUG-GERMANY,143.8
JICFU109-16_Mordellinae_Mordellidae_Costa-Rica_Guanacaste_,143.8
GMMGH658-14_Mordellidae_Mordellidae_Malaysia_Selangor_BIOUG-GOMBAK,143.8
GMNGH503-16_Mordellidae_Mordellidae_Papua-New-Guinea_Madang_,143.8
JIFFE133-16_Mordellinae_Mordellidae_Costa-Rica_Guanacaste_,143.8
GMFRS101-15_Mordellinae_Mordellidae_United-States_Virginia_BIOUG-FRONTROYAL,143.8
GMCCM003-18_Mordellidae_Mordellidae_Costa-Rica_Guanacaste_,143.8
BP_MALAISE_PC_Adult_BIP02_C06_1723055_Mordellidae,143.8
GMNGY557-16_Mordellidae_Mordellidae_Papua-New-Guinea_Madang_,143.8
GMMGT982-14_Mordellidae_Mordellidae_Malaysia_Selangor_BIOUG-GOMBAK,143.8
GMAQD022-17_Mordellidae_Mordellidae_Australia_Queensland_,143.8
GMMGJ077-14_Mordellidae_Mordellidae_Malaysia_Selangor_BIOUG-GOMBAK,143.8
GMNGJ011-16_Mordellidae_Mordellidae_Papua-New-Guinea_Madang_,143.8
SF_YPT_PNA_Adult_753_D10_1426764_Mordellidae,143.8
GMCCD1357-17_Mordellidae_Mordellidae_Costa-Rica_Guanacaste_,143.8
SF_FIT2_P1_Adult_750_C09_1426463_Curculionidae,143.8
GMMCK248-14_Mordellidae_Mordellidae_Mexico_Jalisco_BIOUG-CHAMELA,143.8
GMMCJ427-14_Mordellidae_Mordellidae_Mexico_Jalisco_BIOUG-CHAMELA,143.8
GMADJ101-16_Mordellidae_Mordellidae_Costa-Rica_Guanacaste_,143.8
SF_YPT_PNA_Adult_753_B01_1426731_Mordellidae,143.8
GMHJJ513-15_Mordellidae_Mordellidae_Honduras_Cortes_,143.8
CH_FIT1_P1_Adult_758_E02_1427248_Mordellidae,143.8
GMBCD2851-15_Mordellidae_Mordellidae_Bangladesh_Chittagong_BIOUG-BANGLADESH,143.8
GMMBG091-16_Mordellidae_incertae_sedis-PBBC-RESL-12_Mordellidae_Malaysia_Selangor_,143.8
GMMGH691-14_Mordellidae_Mordellidae_Malaysia_Selangor_BIOUG-GOMBAK,143.8
SF_YPT_PNA_Adult_753_D08_1426762_Mordellidae,143.8
JICCV999-16_Mordellinae_Mordellidae_Costa-Rica_Guanacaste_,143.8
GMSAV2331-13_Mordellidae_Mordellidae_South-Africa_Gauteng_BIOUG-MAGAL,143.8
GMMCR1112-15_Mordellidae_Mordellidae_Mexico_Jalisco_BIOUG-CHAMELA,143.8
GMMCK909-14_Mordellidae_Mordellidae_Mexico_Jalisco_BIOUG-CHAMELA,143.8
GMAAE1271-16_Mordellinae_Mordellidae_Costa-Rica_Guanacaste_,143.8
SF_MALAISE2_P6_Adult_751_G05_1426603_Mordellidae,143.8
GMATR029-16_Mordellidae_Mordellidae_Australia_Tasmania_,143.8
GMAMT1459-16_Mordellidae_Mordellidae_Australia_Western-Australia_,143.8
GMHKU057-15_Mordellinae_Mordellidae_Honduras_Islas-de-la-Bahia_,143.8
JIDDR050-16_Mordellinae_Mordellidae_Costa-Rica_Guanacaste_,143.8
GMCRB129-13_Mordellinae_Mordellidae_Costa-Rica_Guanacaste_BIOUG-ACG,143.8
CH_MALAISE1_P1_Adult_768_D02_1721715_Mordellidae,143.8
GMMCX749-15_Mordellidae_Mordellidae_Mexico_Jalisco_BIOUG-CHAMELA,143.8
GMMCF414-14_Mordellidae_Mordellidae_Mexico_Jalisco_BIOUG-CHAMELA,143.8
GMHKX193-15_Mordellinae_Mordellidae_Honduras_Islas-de-la-Bahia_,143.8
JIDDN031-16_Mordellinae_Mordellidae_Costa-Rica_Guanacaste_,143.8
GMHLS124-16_Mordellidae_Mordellidae_Honduras_Cortes_,143.8
JCCCA1201-16_Mordellinae_Mordellidae_Costa-Rica_Guanacaste_,143.8
JIAAL031-16_Mordellinae_Mordellidae_Costa-Rica_Guanacaste_,143.8
GMHMC511-15_Mordellidae_Mordellidae_Honduras_Cortes_,143.8
GMAAM811-16_Mordellinae_Mordellidae_Costa-Rica_Guanacaste_,143.8
GMASU156-17_Mordellidae_Mordellidae_Australia_South-Australia_,143.8
GMCWL662-15_Mordellidae_Mordellidae_Australia_Western-Australia_,143.8
CH_FIT2_P7_Adult_757_E02_1427152_Mordellidae,143.8
SF_MALAISE2_P7_Adult_765_A11_1721400_Mordellidae,143.8
SF_MALAISE1_P1_Adult_751_C02_1426552_Coccinellidae,143.8
GMAAD1057-16_Mordellidae_Mordellidae_Costa-Rica_Guanacaste_,143.8
GMACR444-15_Mordellinae_Mordellidae_Costa-Rica_Guanacaste_BIOUG-ACG,143.8
SF_MALAISE2_P1_Adult_754_H07_1426905_Mordellidae,143.8
JIEES207-16_Mordellinae_Mordellidae_Costa-Rica_Guanacaste_,143.8
JIFFO074-16_Mordellinae_Mordellidae_Costa-Rica_Guanacaste_,143.8
SF_MALAISE2_P6_Adult_751_G09_1426607_Chrysomelidae,143.8
JIAAA077-16_Mordellinae_Mordellidae_Costa-Rica_Guanacaste_,143.8
GMCCD1305-17_Mordellidae_Mordellidae_Costa-Rica_Guanacaste_,143.8
GMCDU1162-17_Mordellidae_Mordellidae_Costa-Rica_Guanacaste_,143.8
FG_FIT1_P6_Adult_786_C11_1275673_Mordellidae,143.8
GMCCD1385-17_Mordellidae_Mordellidae_Costa-Rica_Guanacaste_,143.8
GMCRE1010-13_Mordellinae_Mordellidae_Costa-Rica_Guanacaste_BIOUG-ACG,143.8
GMMDM633-15_Mordellidae_Mordellidae_Madagascar_Toamasina_BIOUG-MADAGASACAR,143.8
GMMDN2495-15_Mordellidae_Mordellidae_Madagascar_Toamasina_BIOUG-MADAGASACAR,143.8
GMMDL1671-15_Mordellidae_Mordellidae_Madagascar_Toamasina_BIOUG-MADAGASACAR,143.8
GMMBQ1069-16_Mordellidae_Mordellidae_Malaysia_Selangor_,143.8
GMGGH2089-17_Mordellidae_Mordellidae_Gabon_Moyen-Ogooue_,143.8
JICBJ063-16_Mordellinae_Mordellidae_Costa-Rica_Guanacaste_,143.8
GMPAB019-18_Mordellinae_Mordellidae_Panama_Panama_,143.8
JICCP721-16_Mordellinae_Mordellidae_Costa-Rica_Guanacaste_,143.8
GMAQA113-17_Mordellidae_Mordellidae_Australia_Queensland_,143.8
GMMGT961-14_Mordellinae_Mordellidae_Malaysia_Selangor_BIOUG-GOMBAK,143.8
GMMBG102-16_Mordellinae_Mordellidae_Malaysia_Selangor_,143.8
GMCRA248-13_Mordellinae_Mordellidae_Costa-Rica_Guanacaste_BIOUG-ACG,143.8
GMCRB096-13_Mordellinae_Mordellidae_Costa-Rica_Guanacaste_BIOUG-ACG,143.8
JIBBR072-16_Mordellinae_Mordellidae_Costa-Rica_Guanacaste_,143.8
CNROR025-13_Tolidomordella-discoidea_Mordellidae_Canada_Ontario_BIOUG-ROUGE-NP,143.8
GMFRU047-15_Mordellinae_Mordellidae_United-States_Virginia_BIOUG-FRONTROYAL,143.8
JICEA120-16_Mordellinae_Mordellidae_Costa-Rica_Guanacaste_,143.8
GMCRA1090-13_Mordellinae_Mordellidae_Costa-Rica_Guanacaste_BIOUG-ACG,143.8
GMCFF1158-14_Mordellidae_Mordellidae_Costa-Rica_Guanacaste_BIOUG-ACG,143.8
NC_036277,143.8
